	Random	Frequency	diffPWM	diffPWM_p	topRBM (lin)	topRBM2	topRBM1
0	0.5814198473282439	0.11450381679389313	0.6450381679389313	0.6183206106870228	0.7162849872773537	0.7201017811704833	0.826972010178117
1	0.5813409669211197	0.14503816793893126	0.6688931297709924	0.6176844783715013	0.7223282442748091	0.7382315521628497	0.8266539440203562
2	0.5818369380831212	0.30428329092451223	0.6706955046649703	0.5330788804071247	0.7449109414758268	0.7097116200169633	0.7601781170483457
3	0.5834508587786257	0.3764312977099237	0.6213422391857506	0.551208651399491	0.7409351145038167	0.7299618320610686	0.7690839694656488
4	0.6013233778625957	0.4480279898218829	0.60162213740458	0.5936386768447838	0.7721055979643766	0.73587786259542	0.7863231552162852
5	0.6839460771840533	0.5628286683630196	0.6622031382527565	0.6441687871077183	0.8524915182357932	0.809838846480068	0.8467981340118748
6	0.7784002862595417	0.6891009329940626	0.7356022052586937	0.7210347752332483	0.9395356234096692	0.8689143341815097	0.9163486005089059
7	0.888666200169634	0.860740033927057	0.8591815097540288	0.8486217133163699	0.9816793893129769	0.9381679389312977	0.9791348600508907
8	1.0	1.0	1.0	1.0	1.0	1.0	1.0
