	Random	Frequency	RBM (lin)	RBM2	RBM1
0	0.8923467153284681	1.0	1.0	1.0	1.0
1	0.8914689781021906	1.0	1.0	0.9854014598540145	0.9744525547445254
2	0.8919440389294406	0.9635036496350365	0.9781021897810219	0.9586374695863746	0.9513381995133818
3	0.8912864963503666	0.9187956204379562	0.9370437956204378	0.9206204379562044	0.9078467153284671
4	0.8911620437956213	0.9299270072992701	0.9474452554744526	0.9182481751824817	0.9014598540145986
5	0.8905054744525553	0.9245742092457422	0.9318734793187348	0.8996350364963507	0.8941605839416059
6	0.8937327076816132	0.9059784497740703	0.915710809871394	0.9012860618700035	0.9066736183524505
7	0.9218094151894329	0.9329814042405282	0.9361965589155369	0.9251607577337504	0.9251607577337504
8	1.0	1.0	1.0	1.0	1.0
