	Random	Frequency	diffPWM	diffPWM_p	topRBM (lin)	topRBM2	topRBM1
0	0.48188888888888876	0.0	0.6666666666666666	1.0	1.0	1.0	1.0
1	0.4830555555555557	0.3333333333333333	0.6666666666666666	0.8333333333333334	0.6666666666666666	0.6666666666666666	0.7777777777777777
2	0.4832222222222218	0.2222222222222222	0.6666666666666666	0.7407407407407408	0.6666666666666666	0.6296296296296297	0.6296296296296297
3	0.4968240740740739	0.3148148148148148	0.6666666666666666	0.7407407407407408	0.7407407407407408	0.5648148148148148	0.6296296296296297
4	0.56109074074074	0.27037037037037037	0.5833333333333334	0.7407407407407408	0.7407407407407408	0.7129629629629631	0.7129629629629631
5	0.6704870370370372	0.47962962962962963	0.6999999999999998	0.7407407407407408	0.8666666666666666	0.7129629629629631	0.7129629629629631
6	0.7797370370370376	0.6796296296296296	0.8333333333333334	0.8666666666666666	1.0	0.8833333333333333	0.8833333333333333
7	0.8925074074074056	0.8296296296296296	0.9166666666666666	0.9166666666666666	1.0	0.9499999999999998	1.0
8	1.0	1.0	1.0	1.0	1.0	1.0	1.0
