	Random	Frequency	diffPWM	diffPWM_p	topRBM (lin)	topRBM2	topRBM1
0	0.4455436962750712	0.07163323782234957	0.5386819484240687	0.5587392550143266	0.6375358166189111	0.6690544412607449	0.7765042979942692
1	0.4479591690544408	0.09742120343839542	0.5196991404011462	0.5121776504297995	0.5519340974212035	0.6282234957020056	0.7267191977077362
2	0.4542822349570198	0.16857688634192933	0.5647086914995225	0.46179560649474694	0.6041069723018148	0.5826170009551098	0.6327602674307544
3	0.48559724212034416	0.2723256924546323	0.5343242597898759	0.49164278892072594	0.6287010506208215	0.6401623686723973	0.6694126074498568
4	0.5629632163323781	0.363049188156638	0.5560291308500479	0.5769102196752626	0.7624403056351482	0.7248328557784145	0.7663801337153774
5	0.6701382163323778	0.4906638013371538	0.6449140401146134	0.6060410697230181	0.8489851957975169	0.8195678127984718	0.8573543457497613
6	0.7785861645517805	0.6659230454359394	0.7574942011188429	0.7214865602401419	0.966844044207941	0.9030427070541683	0.9415199890844589
7	0.8892094624096047	0.8280068904352574	0.8583913221449038	0.8587494883340155	0.9883340155546458	0.9518010642652477	0.9883340155546458
8	1.0	1.0	1.0	1.0	1.0	1.0	1.0
