	Random	Frequency	RBM (lin)	RBM2	RBM1
0	0.8720714285714398	1.0	1.0	1.0	1.0
1	0.8725357142857134	1.0	1.0	0.9761904761904762	0.9642857142857143
2	0.8731190476190581	0.976190476190476	0.984126984126984	0.9523809523809523	0.9444444444444444
3	0.873077380952381	0.9107142857142857	0.9285714285714286	0.9226190476190477	0.9166666666666666
4	0.873076190476192	0.9190476190476192	0.9380952380952382	0.9142857142857143	0.9095238095238094
5	0.8728611111111102	0.9166666666666665	0.9246031746031743	0.8888888888888887	0.8809523809523808
6	0.8783860544217715	0.8934240362811792	0.9075963718820862	0.8900226757369614	0.8928571428571429
7	0.9126500850340119	0.9250283446712018	0.9294217687074829	0.9190759637188208	0.9190759637188208
8	1.0	1.0	1.0	1.0	1.0
