	Random	Frequency	diffPWM	diffPWM_p	topRBM (lin)	topRBM2	topRBM1
0	0.48849999999999955	0.0	0.6666666666666666	1.0	1.0	1.0	1.0
1	0.48025000000000045	0.3333333333333333	0.6666666666666666	0.8333333333333334	0.6666666666666666	0.6666666666666666	0.75
2	0.4830555555555557	0.2222222222222222	0.6666666666666666	0.7222222222222222	0.6666666666666666	0.611111111111111	0.611111111111111
3	0.49984722222222316	0.3055555555555555	0.7083333333333334	0.736111111111111	0.736111111111111	0.5555555555555555	0.6527777777777778
4	0.555488888888889	0.2555555555555556	0.6166666666666667	0.7277777777777779	0.7277777777777779	0.7277777777777779	0.7277777777777779
5	0.6650611111111113	0.49444444444444446	0.7166666666666667	0.7277777777777779	0.8833333333333333	0.7277777777777779	0.7277777777777779
6	0.7750611111111124	0.6777777777777777	0.8333333333333334	0.8833333333333333	1.0	0.9	0.9
7	0.8852833333333316	0.8277777777777778	0.9166666666666666	0.9166666666666666	1.0	0.9666666666666667	1.0
8	1.0	1.0	1.0	1.0	1.0	1.0	1.0
