	Random	Frequency	RBM (lin)	RBM2	RBM1
0	0.759	1.0	1.0	1.0	1.0
1	0.7595	1.0	1.0	1.0	1.0
2	0.7689999999999967	1.0	1.0	1.0	1.0
3	0.7745	1.0	1.0	0.75	0.75
4	0.7741999999999984	1.0	0.8	0.8	0.8
5	0.7754999999999997	0.8333333333333334	0.8333333333333334	0.8333333333333334	0.8333333333333334
6	0.7788571428571363	0.8571428571428571	0.8571428571428571	0.7142857142857143	0.8571428571428571
7	0.891000000000006	0.8571428571428571	1.0	0.8571428571428571	0.8571428571428571
8	1.0	1.0	1.0	1.0	1.0
