	Random	Frequency	RBM (lin)	RBM2	RBM1
0	0.7971216696269986	1.0	1.0	1.0	1.0
1	0.7968463587921851	1.0	1.0	0.9800177619893428	0.9400532859680284
2	0.7973208999407927	0.9289520426287745	0.9644760213143874	0.9111900532859679	0.8786264061574895
3	0.7980510657193605	0.8445825932504442	0.891207815275311	0.8612344582593252	0.8412522202486679
4	0.7976168738898775	0.8438721136767321	0.8944937833037302	0.8420959147424513	0.8264653641207816
5	0.7974046773238614	0.852131438721137	0.8610124333925401	0.8189757252812316	0.8029899348727059
6	0.8222800050748538	0.8413896642138204	0.8551340607290873	0.857121711917449	0.8491922523894105
7	0.8934863190391609	0.9075425019030703	0.916534509007866	0.9015213989681131	0.9015213989681131
8	1.0	1.0	1.0	1.0	1.0
