	Random	Frequency	RBM (lin)	RBM2	RBM1
0	0.9091666666666686	1.0	1.0	1.0	1.0
1	0.9093333333333311	1.0	1.0	1.0	1.0
2	0.9095555555555662	1.0	1.0	1.0	1.0
3	0.9102083333333351	1.0	1.0	1.0	1.0
4	0.9087666666666611	1.0	1.0	0.9333333333333332	0.9333333333333332
5	0.9070833333333334	0.9444444444444445	1.0	0.9444444444444445	0.9444444444444445
6	0.9061428571428716	0.9523809523809524	0.9523809523809524	0.9047619047619048	0.9523809523809524
7	0.9256934523809557	0.9791666666666666	0.9791666666666666	0.9375	0.9375
8	1.0	1.0	1.0	1.0	1.0
