	Random	Frequency	diffPWM	diffPWM_p	topRBM (lin)	topRBM2	topRBM1
0	0.547	0.0	0.0	0.0	1.0	1.0	1.0
1	0.5555	0.0	0.5	0.5	1.0	1.0	1.0
2	0.548000000000001	0.3333333333333333	0.6666666666666666	0.6666666666666666	1.0	1.0	1.0
3	0.54625	0.25	0.5	0.5	0.75	1.0	1.0
4	0.5472000000000026	0.4	0.6	0.4	0.8	1.0	1.0
5	0.6582000000000024	0.6	0.8	0.4	0.8	1.0	1.0
6	0.7749999999999984	0.8	0.8	0.6	1.0	1.0	1.0
7	0.8821999999999924	0.8	0.8	0.8	1.0	1.0	1.0
8	1.0	1.0	1.0	1.0	1.0	1.0	1.0
