	Random	Frequency	diffPWM	diffPWM_p	topRBM (lin)	topRBM2	topRBM1
0	0.6242091194968551	0.0943396226415094	0.7002096436058699	0.6818658280922432	0.8579664570230606	0.8574423480083857	0.9014675052410901
1	0.6222777777777788	0.17216981132075462	0.7528825995807125	0.7106918238993708	0.8354297693920335	0.8228511530398323	0.9067085953878403
2	0.6225286512928015	0.32005590496156505	0.7368972746331233	0.6434311670160721	0.8310621942697412	0.8219776380153734	0.8537735849056599
3	0.6215841194968552	0.3946540880503144	0.6881551362683436	0.633123689727463	0.8164308176100628	0.8063417190775678	0.8417190775681339
4	0.6330984538784075	0.45639412997903567	0.6394392033542976	0.6390985324947587	0.8162473794549265	0.8026205450733751	0.8363207547169811
5	0.6875244234800828	0.5634521313766595	0.6867225716282317	0.6677672955974839	0.8640985324947591	0.818212788259958	0.841509433962264
6	0.7775579402515717	0.7083245981830882	0.7596261355695315	0.7477201257861632	0.9463312368972745	0.8785552061495455	0.9126048218029346
7	0.8888790705800134	0.8662299091544374	0.8730520614954574	0.8608053808525504	0.9863731656184485	0.9486373165618448	0.9769392033542976
8	1.0	1.0	1.0	1.0	1.0	1.0	1.0
