	Random	Frequency	diffPWM	diffPWM_p	topRBM (lin)	topRBM2	topRBM1
0	0.52325	0.0	0.75	1.0	1.0	1.0	1.0
1	0.530875	0.375	0.75	0.875	0.75	0.75	0.875
2	0.5330833333333335	0.25	0.75	0.8333333333333333	0.75	0.7499999999999999	0.7499999999999999
3	0.5293125	0.375	0.75	0.8125	0.8125	0.625	0.75
4	0.5554124999999985	0.30000000000000004	0.6125	0.7375	0.7375	0.7375	0.7375
5	0.6643625000000007	0.5125	0.7625	0.7375	0.8875	0.7375	0.7375
6	0.7774624999999998	0.675	0.875	0.8875	1.0	0.8999999999999999	0.8999999999999999
7	0.8886000000000011	0.8375	0.9375	0.9375	1.0	0.95	1.0
8	1.0	1.0	1.0	1.0	1.0	1.0	1.0
