	Random	Frequency	diffPWM	diffPWM_p	topRBM (lin)	topRBM2	topRBM1
0	0.48125	0.0	0.5	1.0	1.0	1.0	1.0
1	0.47575	0.375	0.625	0.75	0.625	0.625	0.75
2	0.47233333333333316	0.25	0.6666666666666666	0.6666666666666666	0.6666666666666666	0.5833333333333333	0.5833333333333333
3	0.5024374999999983	0.3333333333333333	0.75	0.7291666666666666	0.7291666666666666	0.5208333333333333	0.6666666666666666
4	0.5577624999999996	0.2833333333333333	0.6625000000000001	0.7041666666666666	0.7041666666666666	0.7041666666666666	0.7041666666666666
5	0.6681916666666656	0.5291666666666667	0.7625	0.7041666666666666	0.8875	0.7041666666666666	0.7041666666666666
6	0.7808083333333357	0.6916666666666667	0.875	0.8875	1.0	0.8999999999999999	0.8999999999999999
7	0.8878000000000031	0.8041666666666667	0.9375	0.9375	1.0	0.95	1.0
8	1.0	1.0	1.0	1.0	1.0	1.0	1.0
