	Random	Frequency	diffPWM	diffPWM_p	topRBM (lin)	topRBM2	topRBM1
0	0.4781304347826081	0.13043478260869565	0.5217391304347826	0.5869565217391305	0.5869565217391305	0.6304347826086957	0.7608695652173914
1	0.4761847826086945	0.17391304347826086	0.5543478260869565	0.5543478260869565	0.6195652173913043	0.6739130434782609	0.7608695652173914
2	0.479326086956521	0.26086956521739146	0.5760869565217391	0.4891304347826086	0.6268115942028987	0.6557971014492754	0.6847826086956522
3	0.4996811594202896	0.355072463768116	0.5652173913043478	0.5018115942028986	0.657608695652174	0.6648550724637681	0.7228260869565217
4	0.5653369565217402	0.45434782608695634	0.5865942028985508	0.5992753623188406	0.7434782608695655	0.7467391304347828	0.7949275362318842
5	0.6693340579710153	0.5644927536231885	0.6539855072463768	0.6481884057971016	0.8445652173913044	0.8315217391304348	0.8644927536231883
6	0.7786144927536232	0.6963250517598346	0.7593685300207041	0.7524844720496896	0.9697204968944098	0.9171842650103518	0.9398033126293994
7	0.8884751552795045	0.8639233954451345	0.8773291925465836	0.8671842650103518	0.9925465838509315	0.9740683229813661	0.9925465838509315
8	1.0	1.0	1.0	1.0	1.0	1.0	1.0
