	Random	Frequency	diffPWM	diffPWM_p	topRBM (lin)	topRBM2	topRBM1
0	0.5987500000000004	0.09090909090909091	0.7045454545454546	0.6818181818181818	0.7727272727272727	0.75	0.8409090909090909
1	0.5954431818181817	0.20454545454545456	0.75	0.7045454545454546	0.8068181818181818	0.7954545454545454	0.8977272727272727
2	0.5953181818181825	0.3484848484848487	0.7348484848484849	0.6136363636363639	0.7954545454545454	0.8106060606060607	0.8333333333333335
3	0.5955056818181814	0.42045454545454547	0.6761363636363636	0.6022727272727273	0.7784090909090909	0.7670454545454546	0.8238636363636364
4	0.6153511363636369	0.4806818181818182	0.6329545454545457	0.6306818181818185	0.7806818181818184	0.7795454545454547	0.8329545454545456
5	0.6812901515151523	0.5772727272727274	0.6674242424242425	0.6568181818181821	0.8636363636363634	0.8250000000000001	0.8390151515151516
6	0.7776189935064928	0.715584415584416	0.7524350649350654	0.7350108225108226	0.9594155844155843	0.8930194805194802	0.9178571428571427
7	0.8888625000000002	0.8782467532467528	0.8655844155844153	0.8426406926406923	0.9929653679653678	0.969047619047619	0.9859307359307359
8	1.0	1.0	1.0	1.0	1.0	1.0	1.0
