	Random	Frequency	diffPWM	diffPWM_p	topRBM (lin)	topRBM2	topRBM1
0	0.5657421383647798	0.0943396226415094	0.6194968553459116	0.6415094339622641	0.7662473794549265	0.7693920335429769	0.8574423480083857
1	0.5647683438155136	0.1635220125786163	0.6611635220125783	0.6409853249475889	0.7272012578616351	0.7403039832285114	0.8241614255765196
2	0.5652938504542273	0.2947239692522709	0.6699860237596083	0.5639412997903561	0.7458071278825992	0.7094689028651288	0.7510482180293497
3	0.5694908280922427	0.3615041928721172	0.6274895178197063	0.5733752620545071	0.7406970649895175	0.7188155136268339	0.7638888888888885
4	0.5919134171907762	0.4204926624737945	0.6035377358490562	0.6028301886792451	0.767479035639413	0.7464360587002095	0.7879979035639413
5	0.6795810883997208	0.5554332634521312	0.6754629629629627	0.6444619147449333	0.8542540181691125	0.8073724668064289	0.8378232005590495
6	0.7766752795248064	0.692487770789657	0.7513452131376657	0.7371418588399716	0.9501834381551361	0.8787910552061496	0.9178721174004193
7	0.8880366352201249	0.8537124388539482	0.8641684136967154	0.8554682040531094	0.9849056603773584	0.9446540880503145	0.9828092243186581
8	1.0	1.0	1.0	1.0	1.0	1.0	1.0
