	Random	Frequency	RBM (lin)	RBM2	RBM1
0	0.5789786760025475	1.0	1.0	1.0	0.9287078294080202
1	0.5796429026098031	0.9616486314449395	0.9598981540420114	0.9420751113940165	0.8618714194780397
2	0.5801578612348828	0.7925949501379164	0.8248461701676216	0.7679821769573519	0.7133460640780818
3	0.590817393380013	0.6932155739444092	0.7526257161043924	0.6753925312964144	0.6664810099724169
4	0.6219172077233174	0.7086569064290263	0.7369191597708468	0.6647358370464672	0.6807765754296629
5	0.6898647146191387	0.7604073838319545	0.7725864629747509	0.7102376405686399	0.7065138977296839
6	0.7852186702434003	0.8038419568973357	0.817060713527932	0.8218347428086448	0.8204858900912371
7	0.8891189400139429	0.9053802552211213	0.9140689885120187	0.9110863568852113	0.9039571398260133
8	1.0	1.0	1.0	1.0	1.0
