	Random	Frequency	diffPWM	diffPWM_p	topRBM (lin)	topRBM2	topRBM1
0	0.549	0.0	0.0	0.0	1.0	1.0	1.0
1	0.548	0.0	0.5	0.5	1.0	1.0	1.0
2	0.5473333333333339	0.3333333333333333	0.6666666666666666	0.6666666666666666	1.0	1.0	1.0
3	0.54925	0.25	0.5	0.5	0.75	1.0	1.0
4	0.551600000000002	0.4	0.6	0.4	0.8	1.0	1.0
5	0.6652000000000035	0.6	0.8	0.4	0.8	1.0	1.0
6	0.7757999999999979	0.8	0.8	0.6	1.0	1.0	1.0
7	0.8905999999999924	0.8	0.8	0.8	1.0	1.0	1.0
8	1.0	1.0	1.0	1.0	1.0	1.0	1.0
