	Random	Frequency	RBM (lin)	RBM2	RBM1
0	0.7937674418604703	1.0	1.0	1.0	1.0
1	0.7934418604651243	1.0	1.0	0.9651162790697675	0.9418604651162791
2	0.7944186046511733	0.9612403100775194	0.9767441860465116	0.9224806201550387	0.8992248062015505
3	0.7950697674418625	0.8662790697674418	0.9069767441860465	0.8953488372093024	0.8837209302325582
4	0.7954372093023262	0.8651162790697675	0.9069767441860468	0.8604651162790697	0.8604651162790697
5	0.7953178294573767	0.8565891472868216	0.8837209302325582	0.8294573643410851	0.825581395348837
6	0.8240625692137428	0.8565891472868216	0.8754152823920265	0.8637873754152823	0.863233665559247
7	0.8991039590254788	0.9313399778516057	0.9356312292358804	0.9179125138427462	0.921234772978959
8	1.0	1.0	1.0	1.0	1.0
