	Random	Frequency	RBM (lin)	RBM2	RBM1
0	0.8839999999999888	1.0	1.0	1.0	1.0
1	0.8831393805309713	1.0	1.0	0.9823008849557521	0.9690265486725662
2	0.8827905604719782	0.9557522123893806	0.9734513274336283	0.9498525073746311	0.9410029498525072
3	0.8823362831858396	0.9015486725663716	0.9236725663716814	0.9037610619469026	0.8882743362831858
4	0.8816017699114911	0.9150442477876105	0.936283185840708	0.911504424778761	0.8911504424778761
5	0.8818473451327439	0.9174041297935105	0.9174041297935103	0.8871681415929203	0.8805309734513275
6	0.8853957016434892	0.8935946059839864	0.9053940160134849	0.8954909397387272	0.8944374209860935
7	0.9165461704593347	0.9220659502739149	0.9259639696586598	0.9192214496418035	0.9192214496418035
8	1.0	1.0	1.0	1.0	1.0
