	Random	Frequency	diffPWM	diffPWM_p	topRBM (lin)	topRBM2	topRBM1
0	0.564	0.0	0.0	0.0	1.0	1.0	1.0
1	0.5585	0.0	0.5	0.5	1.0	1.0	1.0
2	0.5600000000000004	0.3333333333333333	0.6666666666666666	0.6666666666666666	1.0	1.0	1.0
3	0.562	0.25	0.5	0.5	0.75	1.0	1.0
4	0.5616000000000028	0.4	0.6	0.4	0.8	1.0	1.0
5	0.6784000000000023	0.6	0.8	0.4	0.8	1.0	1.0
6	0.7885999999999981	0.8	0.8	0.6	1.0	1.0	1.0
7	0.8919999999999924	0.8	0.8	0.8	1.0	1.0	1.0
8	1.0	1.0	1.0	1.0	1.0	1.0	1.0
