	Random	Frequency	RBM (lin)	RBM2	RBM1
0	0.5730000000000002	1.0	1.0	1.0	1.0
1	0.5751111111111102	1.0	1.0	1.0	1.0
2	0.5793333333333337	0.8518518518518517	1.0	0.8888888888888888	1.0
3	0.5811666666666667	0.75	0.8888888888888888	0.8888888888888888	0.8888888888888888
4	0.5788888888888892	0.7333333333333334	0.7555555555555555	0.7111111111111111	0.8444444444444444
5	0.6660481481481473	0.7666666666666666	0.8740740740740741	0.837037037037037	0.8555555555555555
6	0.7792148148148169	0.8740740740740741	0.8740740740740741	0.8740740740740741	0.9407407407407407
7	0.8895185185185193	1.0	1.0	0.9333333333333332	1.0
8	1.0	1.0	1.0	1.0	1.0
