	Random	Frequency	RBM (lin)	RBM2	RBM1
0	0.5817659574468081	1.0	1.0	1.0	0.9574468085106383
1	0.5811382978723431	0.9148936170212766	0.925531914893617	0.925531914893617	0.8829787234042553
2	0.5823758865248246	0.8120567375886523	0.8404255319148937	0.7907801418439716	0.7695035460992907
3	0.5939698581560285	0.723404255319149	0.774822695035461	0.723404255319149	0.7127659574468085
4	0.6242737588652493	0.7343971631205677	0.7514184397163123	0.7205673758865251	0.7418439716312059
5	0.687375177304966	0.7943262411347517	0.8056737588652483	0.7432624113475177	0.7482269503546098
6	0.7853859675785215	0.8464539007092198	0.8648936170212765	0.8436170212765959	0.8560283687943263
7	0.892335005065855	0.9339665653495441	0.9302178318135765	0.9336119554204663	0.930775075987842
8	1.0	1.0	1.0	1.0	1.0
