	Random	Frequency	diffPWM	diffPWM_p	topRBM (lin)	topRBM2	topRBM1
0	0.4128205128205124	0.07692307692307693	0.48717948717948717	0.48717948717948717	0.48717948717948717	0.5641025641025641	0.717948717948718
1	0.41999999999999915	0.08974358974358974	0.48717948717948717	0.5128205128205128	0.5256410256410257	0.5897435897435898	0.7051282051282052
2	0.42932905982905906	0.17521367521367517	0.5170940170940173	0.435897435897436	0.5598290598290598	0.5854700854700857	0.6111111111111112
3	0.47541025641025636	0.3141025641025641	0.5384615384615384	0.47649572649572647	0.6132478632478633	0.6303418803418803	0.6773504273504274
4	0.5643944444444443	0.42136752136752137	0.5675213675213676	0.608974358974359	0.7576923076923077	0.7337606837606839	0.7876068376068377
5	0.6689679487179487	0.5316239316239316	0.6324786324786326	0.633760683760684	0.8435897435897437	0.8358974358974359	0.8760683760683762
6	0.7779068376068387	0.680708180708181	0.7460927960927961	0.7302808302808304	0.973260073260073	0.9194139194139194	0.9473748473748475
7	0.8887841880341889	0.8583028083028085	0.8655677655677656	0.8484737484737485	0.991208791208791	0.973260073260073	0.991208791208791
8	1.0	1.0	1.0	1.0	1.0	1.0	1.0
