	Random	Frequency	diffPWM	diffPWM_p	topRBM (lin)	topRBM2	topRBM1
0	0.6031538461538453	0.10256410256410256	0.717948717948718	0.6666666666666666	0.7435897435897436	0.717948717948718	0.8205128205128205
1	0.6034487179487185	0.19230769230769232	0.7564102564102564	0.6923076923076923	0.8076923076923077	0.7948717948717948	0.8974358974358975
2	0.6045042735042727	0.35897435897435925	0.7350427350427352	0.58974358974359	0.7948717948717952	0.8119658119658121	0.8376068376068377
3	0.6045641025641033	0.42948717948717946	0.6730769230769231	0.5833333333333334	0.7756410256410257	0.7756410256410257	0.8269230769230769
4	0.6243923076923082	0.5012820512820514	0.635897435897436	0.625641025641026	0.7846153846153847	0.7782051282051285	0.8384615384615387
5	0.6841136752136754	0.5833333333333334	0.6542735042735044	0.6551282051282055	0.8628205128205128	0.8294871794871795	0.8452991452991453
6	0.7770396825396837	0.7175824175824179	0.7386446886446887	0.7228327228327229	0.9542124542124543	0.8895604395604394	0.9175824175824175
7	0.8881916971916967	0.8844322344322344	0.8598901098901098	0.834004884004884	0.9920634920634921	0.9702075702075701	0.9841269841269841
8	1.0	1.0	1.0	1.0	1.0	1.0	1.0
