	Random	Frequency	RBM (lin)	RBM2	RBM1
0	0.88625	1.0	1.0	1.0	1.0
1	0.88875	1.0	1.0	1.0	1.0
2	0.8905833333333324	1.0	1.0	1.0	1.0
3	0.8900625	1.0	1.0	1.0	1.0
4	0.8890499999999999	1.0	1.0	0.9	0.9
5	0.8887500000000002	0.9166666666666667	1.0	0.9166666666666667	0.9166666666666667
6	0.8881428571428588	0.9285714285714286	0.9285714285714286	0.8928571428571429	0.9285714285714286
7	0.916540178571414	0.96875	0.96875	0.9375	0.9375
8	1.0	1.0	1.0	1.0	1.0
