	Random	Frequency	RBM (lin)	RBM2	RBM1
0	0.5872000000000013	1.0	1.0	1.0	1.0
1	0.6016000000000014	1.0	1.0	1.0	1.0
2	0.5984666666666699	0.8666666666666666	1.0	0.9333333333333333	1.0
3	0.59885	0.75	0.9	0.9	0.9
4	0.5997199999999989	0.76	0.8	0.72	0.8
5	0.6657066666666647	0.74	0.8533333333333333	0.7866666666666667	0.82
6	0.7758666666666678	0.8533333333333333	0.8533333333333333	0.8533333333333333	0.8933333333333333
7	0.8875733333333321	1.0	1.0	0.96	1.0
8	1.0	1.0	1.0	1.0	1.0
