	Random	Frequency	diffPWM	diffPWM_p	topRBM (lin)	topRBM2	topRBM1
0	0.43965743944636737	0.08650519031141869	0.5467128027681663	0.5190311418685122	0.5622837370242216	0.6003460207612458	0.7301038062283737
1	0.4397370242214533	0.06574394463667821	0.4978373702422146	0.46280276816609006	0.5108131487889274	0.6029411764705883	0.7045847750865052
2	0.4443050749711655	0.15167243367935412	0.5435409457900808	0.4077277970011534	0.5738177623990774	0.5536332179930797	0.6141868512110726
3	0.47936894463667845	0.2668685121107267	0.5154988465974625	0.4524221453287197	0.6049596309111881	0.6332179930795849	0.658448673587082
4	0.5631674740484427	0.37556228373702427	0.5494953863898502	0.5605824682814304	0.7638696655132643	0.7123990772779701	0.762572087658593
5	0.6682868944636681	0.4867070357554788	0.6282871972318342	0.5957612456747406	0.8487745098039218	0.8268021914648213	0.8724336793540949
6	0.7767583704069871	0.6568297907398255	0.74347915636843	0.7051861921239087	0.9599604547701432	0.9010792552315045	0.9475449003130666
7	0.8884466324765199	0.8292078596144343	0.8523479980227388	0.8527805239742958	0.9859120118635689	0.9495798319327731	0.9859120118635689
8	1.0	1.0	1.0	1.0	1.0	1.0	1.0
