	Random	Frequency	diffPWM	diffPWM_p	topRBM (lin)	topRBM2	topRBM1
0	0.56	0.0	0.0	0.0	1.0	1.0	1.0
1	0.5675	0.0	0.5	0.5	1.0	1.0	1.0
2	0.5640000000000015	0.3333333333333333	0.6666666666666666	0.6666666666666666	1.0	1.0	1.0
3	0.565	0.25	0.5	0.5	0.75	1.0	1.0
4	0.5610000000000015	0.4	0.6	0.4	0.8	1.0	1.0
5	0.6708000000000021	0.6	0.8	0.4	0.8	1.0	1.0
6	0.7831999999999985	0.8	0.8	0.6	1.0	1.0	1.0
7	0.8937999999999932	0.8	0.8	0.8	1.0	1.0	1.0
8	1.0	1.0	1.0	1.0	1.0	1.0	1.0
