	Random	Frequency	diffPWM	diffPWM_p	topRBM (lin)	topRBM2	topRBM1
0	0.5584324324324297	0.08108108108108109	0.6486486486486487	0.6216216216216216	0.6756756756756757	0.7027027027027027	0.7837837837837838
1	0.5588783783783794	0.13513513513513514	0.6756756756756757	0.6216216216216216	0.7297297297297297	0.7567567567567568	0.8378378378378378
2	0.5580180180180182	0.3063063063063064	0.6576576576576575	0.5315315315315314	0.7387387387387389	0.7297297297297297	0.7747747747747749
3	0.5607454954954953	0.3806306306306306	0.6036036036036035	0.5157657657657657	0.7207207207207208	0.7184684684684685	0.7815315315315315
4	0.5936738738738736	0.45765765765765765	0.5914414414414413	0.5792792792792794	0.7531531531531533	0.7382882882882885	0.8175675675675679
5	0.6801927927927924	0.555855855855856	0.6252252252252252	0.6319819819819821	0.8536036036036038	0.8270270270270272	0.8490990990990992
6	0.778658751608752	0.6893822393822396	0.7216859716859719	0.7041184041184042	0.9530888030888031	0.8861647361647363	0.9187902187902189
7	0.8892168597168614	0.8710424710424712	0.8384169884169885	0.8264478764478765	0.9907335907335906	0.9661518661518661	0.9868725868725868
8	1.0	1.0	1.0	1.0	1.0	1.0	1.0
