	Random	Frequency	RBM (lin)	RBM2	RBM1
0	0.8525555555555608	1.0	1.0	1.0	1.0
1	0.8516666666666735	1.0	1.0	1.0	1.0
2	0.8532962962963015	1.0	1.0	1.0	1.0
3	0.8542500000000007	0.9722222222222222	1.0	1.0	1.0
4	0.8532666666666668	0.9777777777777779	1.0	0.9333333333333332	0.9333333333333332
5	0.8509629629629621	0.8703703703703703	0.9814814814814815	0.9259259259259259	0.9444444444444443
6	0.863380952380945	0.902116402116402	0.902116402116402	0.902116402116402	0.9497354497354497
7	0.9256322751322816	0.986111111111111	0.986111111111111	0.9384920634920634	0.986111111111111
8	1.0	1.0	1.0	1.0	1.0
