	Random	Frequency	diffPWM	diffPWM_p	topRBM (lin)	topRBM2	topRBM1
0	0.4283777777777775	0.06666666666666667	0.4666666666666667	0.5333333333333333	0.5555555555555556	0.6222222222222222	0.7555555555555555
1	0.4302888888888886	0.12222222222222222	0.5	0.5333333333333333	0.5444444444444444	0.6	0.7222222222222222
2	0.437792592592593	0.18888888888888886	0.5370370370370371	0.4666666666666667	0.5814814814814817	0.5962962962962964	0.6185185185185186
3	0.47893148148148235	0.3185185185185186	0.5555555555555556	0.5055555555555555	0.6296296296296297	0.625925925925926	0.6796296296296297
4	0.5632711111111107	0.41037037037037033	0.5751851851851855	0.6159259259259261	0.7537037037037038	0.731851851851852	0.7785185185185186
5	0.6701388888888888	0.5322222222222224	0.6503703703703704	0.6374074074074075	0.8444444444444444	0.8203703703703706	0.8551851851851852
6	0.7789024867724879	0.685873015873016	0.7643915343915342	0.7417989417989418	0.9768253968253966	0.9157142857142857	0.9399470899470899
7	0.8898315873015881	0.8497883597883599	0.8734920634920635	0.8586772486772486	0.9923809523809523	0.9668253968253967	0.9923809523809523
8	1.0	1.0	1.0	1.0	1.0	1.0	1.0
