	Random	Frequency	RBM (lin)	RBM2	RBM1
0	0.781	1.0	1.0	1.0	1.0
1	0.774	1.0	1.0	1.0	1.0
2	0.7793333333333298	1.0	1.0	1.0	1.0
3	0.77475	1.0	1.0	0.75	0.75
4	0.7751999999999978	1.0	0.8	0.8	0.8
5	0.7758333333333343	0.8333333333333334	0.8333333333333334	0.8333333333333334	0.8333333333333334
6	0.777571428571422	0.8571428571428571	0.8571428571428571	0.7142857142857143	0.8571428571428571
7	0.8887142857142916	0.8571428571428571	1.0	0.8571428571428571	0.8571428571428571
8	1.0	1.0	1.0	1.0	1.0
