	Random	Frequency	diffPWM	diffPWM_p	topRBM (lin)	topRBM2	topRBM1
0	0.553	0.0	0.0	0.0	1.0	1.0	1.0
1	0.5575	0.0	0.5	0.5	1.0	1.0	1.0
2	0.5643333333333338	0.3333333333333333	0.6666666666666666	0.6666666666666666	1.0	1.0	1.0
3	0.57	0.25	0.5	0.5	0.75	1.0	1.0
4	0.5664000000000023	0.4	0.6	0.4	0.8	1.0	1.0
5	0.6724000000000026	0.6	0.8	0.4	0.8	1.0	1.0
6	0.7803999999999972	0.8	0.8	0.6	1.0	1.0	1.0
7	0.8927999999999915	0.8	0.8	0.8	1.0	1.0	1.0
8	1.0	1.0	1.0	1.0	1.0	1.0	1.0
