	Random	Frequency	diffPWM	diffPWM_p	topRBM (lin)	topRBM2	topRBM1
0	0.506243772241993	0.11565836298932387	0.6049822064056941	0.5693950177935946	0.6138790035587189	0.6779359430604982	0.802491103202847
1	0.5055124555160149	0.12099644128113883	0.5876334519572954	0.5293594306049824	0.5965302491103204	0.6935053380782918	0.7615658362989325
2	0.5069225978647685	0.2227164887307237	0.6118030842230132	0.46589561091340465	0.6482799525504153	0.650355871886121	0.685349940688019
3	0.5174736803084229	0.3208036773428233	0.5559756820877818	0.5005931198102017	0.6654804270462634	0.6907621589561094	0.7204181494661923
4	0.5710614768683269	0.43426749703440115	0.5780842230130487	0.5729389086595493	0.764160735468565	0.7284104389086598	0.7810498220640572
5	0.6723665183867155	0.5367734282325031	0.6598606168446027	0.6341785290628706	0.8640717674970346	0.8251631079478057	0.8694246737841047
6	0.7773163785799015	0.6780757498729031	0.7591997119132352	0.7307744450093207	0.9537620742247079	0.8945390611760722	0.9358456193865449
7	0.8891283998474819	0.8482608879850877	0.8662175902389431	0.8653279105236404	0.981698017285206	0.9470005083884089	0.981698017285206
8	1.0	1.0	1.0	1.0	1.0	1.0	1.0
