	Random	Frequency	diffPWM	diffPWM_p	topRBM (lin)	topRBM2	topRBM1
0	0.47321951219512176	0.14634146341463414	0.5365853658536586	0.5609756097560976	0.5365853658536586	0.5853658536585366	0.7317073170731707
1	0.47315853658536555	0.15853658536585366	0.5487804878048781	0.5365853658536586	0.6097560975609756	0.6707317073170732	0.7560975609756098
2	0.4759227642276418	0.26016260162601634	0.565040650406504	0.4674796747967479	0.6138211382113822	0.6544715447154473	0.6869918699186993
3	0.49805894308943016	0.35975609756097565	0.5487804878048781	0.47967479674796754	0.6483739837398373	0.6707317073170732	0.7215447154471545
4	0.5664471544715458	0.4723577235772357	0.5788617886178862	0.5939024390243904	0.7459349593495936	0.7447154471544718	0.7987804878048782
5	0.6697581300812996	0.5670731707317073	0.6398373983739839	0.6487804878048783	0.8414634146341463	0.839837398373984	0.876829268292683
6	0.77955975609756	0.6942508710801396	0.7470963995354241	0.7430313588850176	0.9660278745644598	0.9168408826945412	0.9422183507549361
7	0.8895400116143928	0.8713124274099885	0.8733449477351917	0.8619628339140534	0.9916376306620207	0.9757839721254352	0.9916376306620207
8	1.0	1.0	1.0	1.0	1.0	1.0	1.0
