	Random	Frequency	diffPWM	diffPWM_p	topRBM (lin)	topRBM2	topRBM1
0	0.531	0.0	0.0	0.0	1.0	1.0	1.0
1	0.5515	0.0	0.5	0.5	1.0	1.0	1.0
2	0.5430000000000001	0.3333333333333333	0.6666666666666666	0.6666666666666666	1.0	1.0	1.0
3	0.54425	0.25	0.5	0.5	0.75	1.0	1.0
4	0.548400000000002	0.4	0.6	0.4	0.8	1.0	1.0
5	0.6632000000000031	0.6	0.8	0.4	0.8	1.0	1.0
6	0.7769999999999985	0.8	0.8	0.6	1.0	1.0	1.0
7	0.889599999999992	0.8	0.8	0.8	1.0	1.0	1.0
8	1.0	1.0	1.0	1.0	1.0	1.0	1.0
