	Random	Frequency	RBM (lin)	RBM2	RBM1
0	0.865729729729729	1.0	1.0	1.0	1.0
1	0.8659999999999991	1.0	1.0	0.972972972972973	0.9594594594594594
2	0.8669369369369364	0.9729729729729728	0.9819819819819818	0.9459459459459457	0.9369369369369369
3	0.8676283783783784	0.8986486486486487	0.918918918918919	0.9121621621621622	0.9054054054054054
4	0.8679837837837815	0.9081081081081084	0.9297297297297299	0.9135135135135138	0.9081081081081084
5	0.8676666666666664	0.9144144144144143	0.9144144144144143	0.8828828828828829	0.8738738738738739
6	0.8738281853281848	0.8867438867438867	0.9028314028314028	0.8867438867438869	0.8861003861003862
7	0.9099724903474904	0.9182754182754183	0.9232625482625483	0.9148970398970401	0.9148970398970401
8	1.0	1.0	1.0	1.0	1.0
