	Random	Frequency	RBM (lin)	RBM2	RBM1
0	0.584660377358488	1.0	1.0	1.0	0.9622641509433962
1	0.5849811320754706	0.9245283018867925	0.9339622641509434	0.9339622641509434	0.8962264150943396
2	0.5872893081761007	0.8207547169811318	0.8584905660377359	0.808176100628931	0.7955974842767295
3	0.5978789308176105	0.7311320754716981	0.7908805031446542	0.7405660377358491	0.7311320754716981
4	0.6247896226415096	0.7418238993710694	0.756918238993711	0.7220125786163525	0.7484276729559749
5	0.6880534591194979	0.7899371069182392	0.8106918238993711	0.749056603773585	0.7566037735849058
6	0.7847159478885893	0.8473045822102425	0.863656783468104	0.842093441150045	0.8595687331536389
7	0.8907178571428565	0.9387466307277627	0.9381176999101525	0.9346585804132973	0.9359164420485175
8	1.0	1.0	1.0	1.0	1.0
