	Random	Frequency	diffPWM	diffPWM_p	topRBM (lin)	topRBM2	topRBM1
0	0.46899999999999886	0.0	0.4	1.0	1.0	1.0	1.0
1	0.47620000000000023	0.4	0.6	0.7	0.6	0.6	0.8
2	0.4722666666666655	0.26666666666666666	0.6666666666666667	0.6666666666666666	0.6666666666666667	0.5999999999999999	0.5999999999999999
3	0.4919666666666662	0.36666666666666664	0.7	0.7333333333333333	0.7333333333333333	0.5166666666666666	0.6333333333333333
4	0.5578300000000004	0.32666666666666666	0.6300000000000001	0.7133333333333333	0.7133333333333333	0.6633333333333333	0.6633333333333333
5	0.6696366666666672	0.5233333333333333	0.76	0.7133333333333333	0.86	0.6633333333333333	0.6633333333333333
6	0.778876666666666	0.7033333333333334	0.9	0.86	1.0	0.8699999999999999	0.8699999999999999
7	0.8908333333333335	0.7933333333333333	0.95	0.95	1.0	0.9099999999999999	1.0
8	1.0	1.0	1.0	1.0	1.0	1.0	1.0
