	Random	Frequency	RBM (lin)	RBM2	RBM1
0	0.7881621621621607	1.0	1.0	1.0	1.0
1	0.7866081081081104	1.0	1.0	0.9594594594594594	0.9324324324324325
2	0.7863333333333312	0.9549549549549549	0.972972972972973	0.9099099099099098	0.882882882882883
3	0.7856216216216204	0.8513513513513513	0.8918918918918919	0.8783783783783784	0.8648648648648649
4	0.7858756756756761	0.8486486486486489	0.8918918918918921	0.8540540540540543	0.8540540540540543
5	0.7862207207207185	0.8558558558558556	0.8693693693693691	0.8198198198198198	0.8108108108108107
6	0.8161525096525123	0.8494208494208496	0.8712998712998714	0.857786357786358	0.8532818532818535
7	0.894690797940799	0.9235842985842985	0.9285714285714285	0.9118404118404118	0.9118404118404118
8	1.0	1.0	1.0	1.0	1.0
