	Random	Frequency	RBM (lin)	RBM2	RBM1
0	0.820999999999997	1.0	1.0	1.0	1.0
1	0.8170999999999949	1.0	1.0	1.0	1.0
2	0.8168666666666623	1.0	1.0	1.0	1.0
3	0.8194999999999993	0.95	1.0	1.0	1.0
4	0.8206399999999965	0.96	1.0	0.8800000000000001	0.8800000000000001
5	0.821366666666664	0.8333333333333334	0.9666666666666668	0.8666666666666668	0.9
6	0.8448190476190435	0.8809523809523808	0.8809523809523808	0.8809523809523808	0.9095238095238095
7	0.9117428571428485	0.975	0.975	0.9464285714285714	0.975
8	1.0	1.0	1.0	1.0	1.0
