	Random	Frequency	diffPWM	diffPWM_p	topRBM (lin)	topRBM2	topRBM1
0	0.5179999999999998	0.0	0.8333333333333334	1.0	1.0	1.0	1.0
1	0.5181666666666669	0.3333333333333333	0.75	0.9166666666666666	0.75	0.75	0.8333333333333334
2	0.5210555555555557	0.2222222222222222	0.7222222222222222	0.8333333333333334	0.7222222222222222	0.7222222222222222	0.7222222222222222
3	0.5230000000000005	0.3333333333333333	0.7083333333333334	0.7916666666666666	0.7916666666666666	0.625	0.7083333333333334
4	0.557466666666667	0.26666666666666666	0.5833333333333334	0.75	0.75	0.75	0.75
5	0.6685333333333339	0.48333333333333334	0.7166666666666667	0.75	0.8833333333333333	0.75	0.75
6	0.7786833333333338	0.6666666666666666	0.8333333333333334	0.8833333333333333	1.0	0.9	0.9
7	0.8883000000000005	0.85	0.9166666666666666	0.9166666666666666	1.0	0.9666666666666667	1.0
8	1.0	1.0	1.0	1.0	1.0	1.0	1.0
