	Random	Frequency	RBM (lin)	RBM2	RBM1
0	0.5886274252753012	1.0	1.0	1.0	0.9412690089145255
1	0.591926848453068	0.9684058730991084	0.9669638175144204	0.9522810697430518	0.886208704771893
2	0.5897793217968887	0.809561265513022	0.8557070442230377	0.7941793392763501	0.7638524733438207
3	0.5993491085474576	0.7142326516343298	0.7815285789197693	0.7068912777486456	0.6995499038629611
4	0.6245063275651119	0.7247509176717357	0.7421604614577869	0.6768222338751965	0.7076560041950707
5	0.6920580405523508	0.7644467750393289	0.7886733088620872	0.7324156615976226	0.7317951407096661
6	0.7844883287137608	0.8154705720778085	0.826360276674907	0.8240005493545084	0.8379916098584164
7	0.8900417222263834	0.9157589831947464	0.929209428921018	0.9116500611781156	0.9145866107323893
8	1.0	1.0	1.0	1.0	1.0
