	Random	Frequency	diffPWM	diffPWM_p	topRBM (lin)	topRBM2	topRBM1
0	0.562	0.0	0.0	0.0	1.0	1.0	1.0
1	0.564	0.0	0.5	0.5	1.0	1.0	1.0
2	0.5616666666666669	0.3333333333333333	0.6666666666666666	0.6666666666666666	1.0	1.0	1.0
3	0.562	0.25	0.5	0.5	0.75	1.0	1.0
4	0.5596000000000022	0.4	0.6	0.4	0.8	1.0	1.0
5	0.6660000000000028	0.6	0.8	0.4	0.8	1.0	1.0
6	0.7773999999999982	0.8	0.8	0.6	1.0	1.0	1.0
7	0.8929999999999914	0.8	0.8	0.8	1.0	1.0	1.0
8	1.0	1.0	1.0	1.0	1.0	1.0	1.0
