	Random	Frequency	diffPWM	diffPWM_p	topRBM (lin)	topRBM2	topRBM1
0	0.564	0.0	0.0	0.0	1.0	1.0	1.0
1	0.5625	0.0	0.5	0.5	1.0	1.0	1.0
2	0.5596666666666671	0.3333333333333333	0.6666666666666666	0.6666666666666666	1.0	1.0	1.0
3	0.554	0.25	0.5	0.5	0.75	1.0	1.0
4	0.5578000000000021	0.4	0.6	0.4	0.8	1.0	1.0
5	0.6646000000000035	0.6	0.8	0.4	0.8	1.0	1.0
6	0.7743999999999989	0.8	0.8	0.6	1.0	1.0	1.0
7	0.8891999999999917	0.8	0.8	0.8	1.0	1.0	1.0
8	1.0	1.0	1.0	1.0	1.0	1.0	1.0
