	Random	Frequency	diffPWM	diffPWM_p	topRBM (lin)	topRBM2	topRBM1
0	0.5078181818181818	0.09530791788856305	0.5865102639296188	0.6011730205278593	0.6818181818181819	0.7346041055718474	0.8372434017595308
1	0.5046132697947217	0.1436950146627566	0.594208211143695	0.5681818181818181	0.6235337243401761	0.7034457478005864	0.7705278592375364
2	0.5058692570869988	0.22751710654936458	0.6214565004887587	0.508553274682307	0.6661779081133922	0.6605571847507331	0.6893939393939393
3	0.5182396749755617	0.31567693059628543	0.5736192570869991	0.5316471163245358	0.6785190615835778	0.6865224828934507	0.7237903225806452
4	0.5705005131964803	0.4091764418377322	0.5841397849462366	0.5857649071358748	0.7609359726295213	0.740273704789834	0.7836510263929621
5	0.6735601783968712	0.5339687194525904	0.6735215053763441	0.6362292277614856	0.863795210166178	0.8200024437927665	0.8564760508308896
6	0.7786091712051393	0.6833996648512778	0.7707774752129591	0.745154308057534	0.9618977796397153	0.8998987571568221	0.9339372992598802
7	0.8892923125261842	0.8434349252897642	0.8699622957687476	0.8692291579388356	0.9849183074989527	0.9519271051529118	0.9849183074989527
8	1.0	1.0	1.0	1.0	1.0	1.0	1.0
