	sym_R	freqs_R	pred_diffpwm_R	pred_rbm_R
0	-14	0.0	-2.3519864082336426	-2.2137185782194138
1	-13	0.0	-1.4581681887308757	-1.368598182996114
2	-12	0.0	-1.7466494560241699	-0.9243258535861969
3	-11	0.0983606557377049	-0.780376543601354	0.8889386306206385
4	-10	0.1967213114754098	-0.3990494551566931	3.1614928394556046
5	-9	0.7459016393442621	0.13045752965486968	2.70277123267834
6	-8	0.6721311475409835	0.14843522470731002	4.613593453398118
7	-7	0.6475409836065573	0.3153057281787579	3.6412898290615816
8	-6	0.3934426229508196	0.11056663210575397	2.821669328671235
9	-5	0.0983606557377049	-0.049772102099198565	1.9102595643355296
10	-4	0.0	-0.5651111602783203	0.9045910479930731
11	-3	0.0	-0.5710104130781614	0.7959390538341652
12	-2	0.0	-1.2742728361716638	-0.8036950732706688
13	-1	0.0	-3.110472935896653	-3.5669827461242676
