	sym	freqs	pred_diffpwm	pred_rbm
0	1	0.0	-5.307474356431228	-6.666629648145038
1	2	0.0	-2.481480231651893	-1.5300931999316583
2	3	0.0	-0.6908889642128577	0.9823253934199994
3	4	0.1967213114754098	-0.13276327573336089	3.246532772596066
4	5	0.0983606557377049	0.24447512512023634	2.7558392859422245
5	6	0.6475409836065573	0.3867758936606921	4.836145795308626
6	7	0.6721311475409835	0.38586968642014724	3.8609399314110098
7	8	0.4508196721311475	-0.14097249049406785	2.030389143870427
8	9	0.5901639344262294	-0.54102911398961	1.1433611729970345
9	10	0.0983606557377049	-0.626066253735469	1.0359557970212057
10	11	0.0983606557377049	-0.6630784227297857	1.0608132438590894
11	12	0.0	-1.3421947807073593	-1.131152285951733
12	13	0.0	-2.2579938948154448	-2.679056986706564
13	14	0.0	-1.5410495201746623	0.17965380350748697
14	15	0.0	-2.837510108947754	-4.710220634937286
