	Random	Frequency	diffPWM	topRBM (lin)	topRBM2	topRBM1
0	0.183	0.0	0.5	0.5	0.5	0.5
1	0.1845	0.0	0.5	0.75	0.75	0.75
2	0.272	0.0	0.75	0.75	0.75	0.75
3	0.3535	0.0	0.75	1.0	0.75	0.75
4	0.44575	0.0	0.75	1.0	1.0	1.0
5	0.51975	0.0	0.75	1.0	1.0	1.0
6	0.60975	0.0	1.0	1.0	1.0	1.0
7	0.695	0.5	1.0	1.0	1.0	1.0
8	0.78325	0.75	1.0	1.0	1.0	1.0
9	0.866	1.0	1.0	1.0	1.0	1.0
10	0.9565	1.0	1.0	1.0	1.0	1.0
