	Random	Frequency	diffPWM	topRBM (lin)	topRBM2	topRBM1
0	0.1735	0.0	0.5	0.5	0.5	0.5
1	0.17625	0.0	0.5	0.75	0.75	0.75
2	0.2595	0.0	0.75	0.75	0.75	0.75
3	0.34275	0.0	0.75	1.0	0.75	0.75
4	0.42975	0.0	0.75	1.0	1.0	1.0
5	0.51625	0.0	0.75	1.0	1.0	1.0
6	0.6045	0.0	1.0	1.0	1.0	1.0
7	0.69075	0.5	1.0	1.0	1.0	1.0
8	0.7795	0.75	1.0	1.0	1.0	1.0
9	0.87275	1.0	1.0	1.0	1.0	1.0
10	0.954	1.0	1.0	1.0	1.0	1.0
