	Random	Frequency	diffPWM	topRBM (lin)	topRBM2	topRBM1
0	0.265	0.0	1.0	1.0	1.0	1.0
1	0.2625	0.0	0.75	1.0	1.0	1.0
2	0.3124166666666665	0.0	0.8333333333333333	0.8333333333333333	0.8333333333333333	0.8333333333333333
3	0.354	0.125	0.75	0.875	0.75	0.75
4	0.44575	0.125	0.75	0.875	0.875	0.875
5	0.527875	0.125	0.75	0.875	0.875	0.875
6	0.61175	0.25	0.875	1.0	0.875	0.875
7	0.700875	0.625	1.0	1.0	0.875	1.0
8	0.790375	0.75	1.0	1.0	0.875	1.0
9	0.88075	1.0	1.0	1.0	1.0	1.0
10	0.959875	1.0	1.0	1.0	1.0	1.0
