	Random	Frequency	diffPWM	topRBM (lin)	topRBM2	topRBM1
0	0.272	0.0	1.0	1.0	1.0	1.0
1	0.26425	0.0	0.75	1.0	1.0	1.0
2	0.30449999999999944	0.0	0.8333333333333333	0.8333333333333333	0.8333333333333333	0.8333333333333333
3	0.35375	0.125	0.75	0.875	0.75	0.75
4	0.436125	0.125	0.75	0.875	0.875	0.875
5	0.517875	0.125	0.75	0.875	0.875	0.875
6	0.6065	0.25	0.875	1.0	0.875	0.875
7	0.693	0.625	1.0	1.0	0.875	1.0
8	0.784625	0.75	1.0	1.0	0.875	1.0
9	0.870625	1.0	1.0	1.0	1.0	1.0
10	0.958625	1.0	1.0	1.0	1.0	1.0
